{
  "Jarrett Jack": [
    0.4835115384615386,
    0.0
  ],
  "Jamal Crawford": [
    0.29634913793103435,
    0.0
  ],
  "Jordan Mickey": [
    0.4280415254237289,
    0.4
  ],
  "Yogi Ferrell": [
    0.3661523809523809,
    0.0
  ],
  "Jarell Eddie": [
    0.5722615384615384,
    0.3
  ],
  "Rajon Rondo": [
    0.19772068965517248,
    0.0
  ],
  "Andrew Bogut": [
    0.32714090909090915,
    0.3
  ],
  "Jameer Nelson": [
    0.40308803418803396,
    0.0
  ],
  "Ray McCallum": [
    0.18694210526315783,
    0.0
  ],
  "Jose Calderon": [
    0.238425,
    1.0
  ],
  "Tarik Black": [
    0.4262290322580644,
    0.5
  ],
  "Cliff Alexander": [
    0.37478706896551706,
    0.0
  ],
  "Anthony Brown": [
    0.4655141414141417,
    0.0
  ],
  "Omri Casspi": [
    0.44448585858585854,
    0.0
  ],
  "Marcus Georges-Hunt": [
    0.43867444444444437,
    0.0
  ],
  "Mike Scott": [
    0.2802487804878048,
    0.2
  ],
  "Archie Goodwin": [
    0.4318905172413791,
    0.0
  ],
  "Matt Barnes": [
    0.32816209677419345,
    0.0
  ]
}