{
  "Ryan Kelly": [
    0.45873032786885226,
    0.0
  ],
  "David Lee": [
    0.45312,
    0.5
  ],
  "Chase Budinger": [
    0.3848235955056179,
    0.0
  ],
  "Justin Harper": [
    0.35651458333333336,
    0.0
  ],
  "Joe Johnson": [
    0.38510614035087715,
    0.0
  ],
  "Spencer Dinwiddie": [
    0.1769178571428572,
    0.0
  ],
  "John Holland": [
    0.4680597701149425,
    0.2
  ],
  "Cory Jefferson": [
    0.39056979166666655,
    0.1
  ],
  "JaVale McGee": [
    0.07892190476190479,
    0.1
  ],
  "Maurice Ndour": [
    0.44556423357664215,
    0.3
  ],
  "Steve Novak": [
    0.3875132812499999,
    0.0
  ],
  "Phil Pressey": [
    0.2860263636363637,
    0.0
  ],
  "Ty Lawson": [
    0.46582949640287735,
    0.4
  ],
  "Jordan Hamilton": [
    0.3036009708737864,
    0.0
  ],
  "Xavier Munford": [
    0.3696363636363636,
    0.0
  ],
  "JaKarr Sampson": [
    0.293925,
    0.0
  ],
  "Orlando Johnson": [
    0.36624201680672275,
    0.0
  ],
  "Jimmer Fredette": [
    0.3448247524752475,
    0.0
  ],
  "Alonzo Gee": [
    0.29244957264957233,
    0.0
  ],
  "Jared Cunningham": [
    0.3226134020618555,
    0.0
  ],
  "Joe Harris": [
    0.5621590909090908,
    0.0
  ],
  "Jordan McRae": [
    0.4035893805309732,
    0.4
  ],
  "Kris Humphries": [
    0.018848000000000004,
    0.0
  ],
  "Tim Frazier": [
    0.4422023076923077,
    0.0
  ],
  "Anthony Bennett": [
    0.292404,
    0.0
  ],
  "Treveon Graham": [
    0.398703149606299,
    0.0
  ],
  "Henry Sims": [
    0.44665544554455433,
    0.0
  ],
  "Ish Smith": [
    0.39469150943396236,
    0.5
  ]
}