{
  "Carmelo Anthony": [
    0.14006581196581194,
    0.0
  ],
  "Marco Belinelli": [
    0.15122020202020203,
    0.0
  ],
  "Jamal Crawford": [
    0.32213925233644847,
    0.0
  ],
  "Dwight Howard": [
    0.10164150943396225,
    0.0
  ],
  "Aaron Harrison": [
    0.4625742187499999,
    0.0
  ],
  "Antonius Cleveland": [
    0.22268712871287127,
    0.0
  ],
  "Jarell Eddie": [
    0.044999999999999964,
    0.3
  ],
  "Sean Kilpatrick": [
    0.3079369369369368,
    0.0
  ],
  "Quincy Pondexter": [
    0.32905384615384603,
    0.5
  ],
  "Rajon Rondo": [
    0.1387969924812031,
    0.5
  ],
  "Xavier Silas": [
    0.512854887218045,
    0.0
  ],
  "Jose Calderon": [
    -0.05191086956521739,
    0.2
  ],
  "Omri Casspi": [
    0.47060761904761894,
    0.0
  ],
  "Luol Deng": [
    0.32490841121495323,
    0.0
  ],
  "David Nwaba": [
    0.3135690476190476,
    0.3
  ],
  "DeAndre Liggins": [
    0.5263903225806452,
    0.0
  ],
  "Rodney Purvis": [
    0.2522111111111113,
    0.5
  ],
  "Brandon Rush": [
    0.32088028169014077,
    0.0
  ],
  "Ramon Sessions": [
    0.3304166666666666,
    0.5
  ],
  "Xavier Rathan-Mayes": [
    0.36898874999999987,
    0.0
  ],
  "Scotty Hopson": [
    0.41936956521739127,
    0.0
  ],
  "Shelvin Mack": [
    0.4283061403508772,
    0.0
  ],
  "Trevor Booker": [
    0.2026415841584158,
    0.5
  ],
  "Emeka Okafor": [
    0.40846228070175417,
    0.0
  ],
  "Tyson Chandler": [
    0.27610894308943074,
    0.5
  ],
  "Greg Monroe": [
    0.2824810344827585,
    0.0
  ],
  "Austin Rivers": [
    0.14134765624999998,
    0.5
  ],
  "Mike Scott": [
    0.23103400000000004,
    0.0
  ],
  "Isaiah Briscoe": [
    0.25908125000000004,
    0.1
  ],
  "Nigel Hayes": [
    0.22233888888888886,
    0.0
  ],
  "Joe Johnson": [
    0.4800847328244275,
    0.0
  ],
  "Kyle Collinsworth": [
    0.37253083333333314,
    0.0
  ],
  "Jonas Jerebko": [
    0.4110831683168317,
    0.0
  ],
  "Derrick Rose": [
    0.2954628318584071,
    0.0
  ]
}