{
  "Jeremy Lin": [
    0.4416436363636364,
    0.0
  ],
  "Kenneth Faried": [
    0.3611875,
    0.0
  ],
  "Greg Monroe": [
    -0.16770555555555544,
    0.0
  ],
  "Michael Carter-Williams": [
    0.1128450331125828,
    0.5
  ],
  "JaKarr Sampson": [
    0.42221375000000017,
    0.5
  ],
  "Patrick McCaw": [
    0.47939000000000015,
    0.0
  ],
  "Henry Ellenson": [
    0.3533834710743802,
    0.5
  ],
  "Kendrick Nunn": [
    0.32391145833333346,
    0.0
  ],
  "Bruno Caboclo": [
    0.0922554054054054,
    0.0
  ],
  "Andrew Bogut": [
    0.26294705882352953,
    0.0
  ],
  "Corey Brewer": [
    0.27964907407407424,
    0.0
  ],
  "Avery Bradley": [
    0.32997913043478266,
    0.0
  ],
  "Jodie Meeks": [
    0.4533469230769231,
    0.0
  ],
  "James Nunnally": [
    0.25241827956989243,
    0.0
  ],
  "Tim Frazier": [
    0.4508017543859648,
    0.0
  ],
  "Markieff Morris": [
    0.31772653061224493,
    0.0
  ],
  "Enes Kanter": [
    -0.05971052631578948,
    0.4
  ],
  "Wesley Matthews": [
    0.506276363636364,
    0.5
  ],
  "Eric Moreland": [
    0.26486260869565226,
    0.0
  ],
  "Patrick Patterson": [
    0.3251673076923077,
    0.0
  ],
  "Justin Patton": [
    0.28792752293577983,
    0.0
  ],
  "Isaiah Canaan": [
    0.38031384615384606,
    0.0
  ],
  "Kyle Korver": [
    0.3628666666666667,
    0.3
  ],
  "Tyson Chandler": [
    0.28786899999999993,
    0.5
  ],
  "Wayne Ellington": [
    0.18928829787234044,
    0.3
  ],
  "Ben McLemore": [
    0.2566080808080808,
    0.0
  ],
  "Pau Gasol": [
    -0.0011022988505746839,
    0.5
  ],
  "Cameron Payne": [
    0.3648458333333334,
    0.0
  ],
  "Mike Scott": [
    0.3346842105263158,
    0.5
  ],
  "Derrick Rose": [
    0.0794672131147541,
    0.5
  ]
}